,max,mean,median,min,rmse,sse,std
NDT,58.06997313,19.32784269,13.87103923,0,24.87374061,1184197.489,15.65686652
NDT-ICP,33.49620082,13.44223714,11.72538469,0,16.18806905,502880.8193,9.019968976
