,max,mean,median,min,rmse,sse,std
NDT,24.97682982521952,10.836444151496778,11.14557264118546,0.919981655123859,12.685426173838275,308000.9512235789,6.59480972912733
NDT-ICP,11.901328668297753,4.783181210984684,4.108792959179969,0.3415367062769881,5.586142535155167,59882.372783870946,2.8855096475237954
